"Title","Author.Creator","Year","Region","to_annotate","annotation_characters","annotation_events","annotation_settings","score_characters","score_events","score_settings"
"The Bible","Various",100,"Middle East","The Bible by Various written in 100","The Bible is a collection of religious texts that includes a wide range of characters. Some of these characters, such as historical figures like King David or Pontius Pilate, are real individuals who are documented outside of the biblical texts. However, many other characters, such as Adam and Eve, Noah, and Moses, are figures whose historical existence is debated and often considered improbable by scholars due to the lack of corroborating evidence outside of religious tradition. Additionally, there are characters like angels, demons, and God, whose existence is considered impossible from a historical and scientific perspective. Given this mix, the main characters in the Bible range from real to those that could not have existed. However, focusing on the more fantastical elements, the score leans towards characters that could not have existed. Score=4","The Bible is a collection of religious texts that includes a variety of literary genres, such as historical narratives, poetry, prophecy, and law. When evaluating the events described in the Bible, it's important to recognize that it contains both historical accounts and theological narratives. Some events, like the reigns of certain kings or the existence of specific cities, are supported by archaeological evidence and historical records, while others, such as miraculous events or creation stories, are matters of faith and not verifiable by historical methods.

For the purpose of this evaluation, if we consider the Bible as a whole, it contains a mix of actual historical events with invented details (e.g., the existence of certain historical figures and places) and invented historical events whose occurrence is improbable (e.g., miracles and divine interventions). Therefore, the Bible as a literary work spans across different points on the scale, but if we focus on the more miraculous and theological narratives, they would be classified as invented historical events whose occurrence is improbable.

Score=3","The Bible, as a collection of religious texts, contains a variety of settings that range from real geographical locations to more symbolic or allegorical places. Many of the locations mentioned, such as Jerusalem, Egypt, and Babylon, are real geographical locations with historical significance. However, the Bible also includes places like the Garden of Eden and the Land of Nod, which are more symbolic and whose existence is improbable or allegorical. Given the mix of real and symbolic locations, the settings in the Bible can be seen as real geographical locations with invented details, as well as invented locations that could have existed or whose existence is improbable. For the purpose of this evaluation, focusing on the invented locations whose existence is improbable, the score would be:

Score=3",4,3,3
"The Epic of Gilgamesh","Anonymous",-2100,"Mesopotamia","The Epic of Gilgamesh by Anonymous written in -2100","The Epic of Gilgamesh is an ancient Mesopotamian poem that features a mix of historical and mythological elements. The main character, Gilgamesh, is based on a historical figure, a king of Uruk, but his portrayal in the epic includes numerous mythological and fantastical elements, such as his part-divine nature and his interactions with gods and mythical creatures. This blend of historical basis with significant fictional embellishments places the main character in the category of ""Invented characters who could have existed,"" as the historical Gilgamesh likely did not possess the extraordinary attributes and experiences described in the epic. Score=2","The Epic of Gilgamesh is an ancient Mesopotamian poem that includes a mix of historical and mythological elements. The character of Gilgamesh is based on a historical figure, a king of Uruk, but the events described in the epic, such as his friendship with Enkidu, the journey to the Cedar Forest, and the encounter with the gods, are largely mythological and fantastical. These events are invented and involve interactions with divine beings and mythical creatures, making their occurrence improbable in a historical context. Therefore, the events in The Epic of Gilgamesh are best categorized as invented historical events whose occurrence is improbable. Score=3","The Epic of Gilgamesh is an ancient Mesopotamian text that features a mix of real and mythical settings. The city of Uruk, where much of the story takes place, is a real geographical location that existed in ancient Sumer, which is part of modern-day Iraq. However, the epic also includes fantastical elements and locations, such as the Cedar Forest and the abode of the gods, which are more mythical in nature. These invented locations are described in a way that suggests they could have existed within the mythological framework of the time, but their existence is improbable in the real world. Therefore, the settings in The Epic of Gilgamesh can be evaluated as invented locations whose existence is improbable. Score=3",2,3,3
"Harry Potter (series)","J.K. Rowling",1997,"United Kingdom","Harry Potter (series) by J.K. Rowling written in 1997","The main characters in the ""Harry Potter"" series by J.K. Rowling include Harry Potter, Hermione Granger, and Ron Weasley, among others. These characters are entirely fictional and exist within a world that includes magical elements such as wizards, witches, and mythical creatures. While they are portrayed with human-like qualities and emotions, their existence is tied to a magical universe that does not exist in reality. Therefore, the characters are invented and could not have existed in the real world. Score=4","The Harry Potter series by J.K. Rowling is a work of fantasy fiction that includes a magical world with wizards, witches, and various magical creatures. The events in the series, such as attending a school for witchcraft and wizardry, using magic spells, and interacting with mythical creatures, are entirely invented and rely on the existence of a magical world that does not exist in reality. These events could not have occurred in the real world as they are based on the premise of magic, which is not a part of actual historical events. Therefore, the events in the Harry Potter series fall under the category of ""Invented historical events that could not have occurred."" Score=4","The ""Harry Potter"" series by J.K. Rowling is set in a world that includes both real geographical locations and invented ones. The story takes place in the United Kingdom, with real locations such as London and King's Cross Station being featured. However, the series also introduces invented locations like Hogwarts School of Witchcraft and Wizardry, Diagon Alley, and Hogsmeade. These invented locations are integrated into the real world in a way that suggests they could exist hidden from the non-magical population, but their magical nature and the existence of a hidden wizarding world make their actual existence improbable. Therefore, the setting of the ""Harry Potter"" series can be classified as invented locations whose existence is improbable. Score=3",4,4,3
"Sapiens: A Brief History of Humankind","Yuval Noah Harari",2011,"Israel","Sapiens: A Brief History of Humankind by Yuval Noah Harari written in 2011","""Sapiens: A Brief History of Humankind"" by Yuval Noah Harari is a non-fiction book that explores the history and development of Homo sapiens. The main characters in this work are real historical figures and groups, such as early humans, ancient civilizations, and notable historical figures. Harari discusses real characters and events, although he sometimes speculates on their thoughts and motivations, which could be seen as adding invented biographical details. However, the primary focus remains on real characters and historical facts. Therefore, the main characters can be classified as real characters with some invented biographical details for illustrative purposes. Score=1","""Sapiens: A Brief History of Humankind"" by Yuval Noah Harari is a non-fiction book that explores the history of Homo sapiens from the emergence of archaic human species to the present. The book is known for its broad synthesis of history, anthropology, and science, and it often presents historical events and developments with a mix of factual information and interpretative analysis.

When evaluating the events described in ""Sapiens,"" Harari often discusses actual historical events, such as the Agricultural Revolution and the Cognitive Revolution, but he also includes speculative interpretations and hypothetical scenarios to illustrate his points. These interpretations are based on scientific and historical evidence but sometimes extend into the realm of educated conjecture about human behavior and societal development.

Given this blend of factual history with interpretative and speculative elements, the events in ""Sapiens"" can be categorized as actual historical events with invented details or interpretations. Therefore, the appropriate score for the events in ""Sapiens"" is:

Score=1","""Sapiens: A Brief History of Humankind"" by Yuval Noah Harari is a non-fiction book that explores the history and development of Homo sapiens. The book primarily discusses real geographical locations, such as Africa, where Homo sapiens originated, and other parts of the world where humans migrated and settled over time. Harari uses historical and archaeological evidence to support his narrative, focusing on real places and events. Therefore, the settings in ""Sapiens"" are based on real geographical locations without invented details. Score=0",1,1,0
"Shark Attack (film series)","Various (first film by Bob Misiorowski)",1999,"United States","Shark Attack (film series) by Various (first film by Bob Misiorowski) written in 1999","The ""Shark Attack"" film series primarily features characters who are invented and exist within the realm of fictional storytelling. These characters are often scientists, divers, or locals dealing with shark-related threats. While the characters are crafted to fit into a plausible narrative involving sharks, the scenarios and character actions often stretch believability, especially as the series progresses. However, the characters themselves are not fantastical or supernatural; they are human characters that, while dramatized, could theoretically exist in a world where such exaggerated shark attacks occur. Therefore, they fall into the category of invented characters who could have existed, albeit in a highly dramatized and unlikely scenario. Score=2","The ""Shark Attack"" film series, starting with the first film directed by Bob Misiorowski in 1999, primarily revolves around fictional scenarios involving aggressive shark behavior and attacks. While shark attacks are real events that occur in nature, the series often exaggerates and dramatizes these events for entertainment purposes. The portrayal of sharks as consistently aggressive and targeting humans in coordinated attacks is an improbable scenario, as it does not align with typical shark behavior observed in reality. Therefore, the events depicted in the series are invented historical events whose occurrence is improbable. Score=3","The ""Shark Attack"" film series, starting with the first film directed by Bob Misiorowski in 1999, primarily takes place in real geographical locations, such as coastal areas where shark attacks could plausibly occur. However, the series often incorporates invented details and fictionalized settings within these real locations to enhance the drama and suspense of the narrative. For example, the films might depict fictional towns or research facilities that are not based on actual places but are situated in real-world geographical contexts. This blend of real locations with invented details aligns with the second category on the scale. 

Score=1",2,3,1
"1984","George Orwell",1949,"United Kingdom","1984 by George Orwell written in 1949","In George Orwell's ""1984,"" the main characters, such as Winston Smith, Julia, and O'Brien, are invented characters who could have existed. They are portrayed as ordinary citizens living under a totalitarian regime, and their characteristics and actions are plausible within the context of the dystopian society Orwell describes. The novel's setting and the oppressive government are fictional, but the characters themselves are realistic and could exist in a similar real-world scenario. Therefore, they fall into the category of invented characters who could have existed. Score=2","In George Orwell's ""1984,"" the events depicted are set in a dystopian future where a totalitarian regime exercises extreme control over every aspect of life, including thought and language. The novel presents a fictional society with invented historical events, such as the perpetual war between superstates and the existence of the Party's oppressive rule. While Orwell's work is a powerful allegory and critique of totalitarianism, the specific historical events described in the book, such as the existence of Oceania, Eurasia, and Eastasia, and the concept of ""Newspeak,"" are not actual historical events. However, they are constructed in a way that reflects real historical tendencies and could be seen as a possible, albeit extreme, extrapolation of certain political trends. Therefore, the events are invented historical events whose occurrence is improbable. Score=3","In George Orwell's ""1984,"" the setting is a dystopian future where the world is divided into three superstates: Oceania, Eastasia, and Eurasia. These locations are invented but are based on real geographical regions and political entities, suggesting a world that could have existed under different historical circumstances. The superstates are fictional constructs, but they are grounded in the geopolitical realities and tensions of the mid-20th century, making their existence plausible within the context of the novel's alternate history. Therefore, the setting falls under the category of invented locations that could have existed. Score=2",2,3,2
"The Tale of Genji","Murasaki Shikibu",1000,"Japan","The Tale of Genji by Murasaki Shikibu written in 1000","""The Tale of Genji"" by Murasaki Shikibu is a classic work of Japanese literature that is often considered the world's first novel. The main character, Hikaru Genji, is an invented character who is portrayed as a nobleman in the Heian period of Japan. While the setting and cultural context are based on real historical elements, Genji himself is a fictional creation. However, his character is crafted with such depth and realism that he could plausibly have existed within the historical context of the time. Therefore, the main character falls into the category of ""Invented characters who could have existed."" Score=2","""The Tale of Genji"" by Murasaki Shikibu is a classic work of Japanese literature that is often considered the world's first novel. It is set in the Heian period of Japan and follows the life and romances of Hikaru Genji, a fictional prince. While the novel provides a detailed depiction of court life and customs during the Heian period, the events themselves are largely fictional. The narrative includes invented historical events and personal dramas that, while they reflect the cultural and social context of the time, are not based on actual historical events or figures. Therefore, the events in ""The Tale of Genji"" are best categorized as invented historical events that could have occurred, given the realistic portrayal of the era's court life and societal norms. Score=2","""The Tale of Genji"" by Murasaki Shikibu is set in Heian-era Japan, specifically in the city of Kyoto and its surrounding areas. The settings are based on real geographical locations that existed during the time the novel was written. However, while the locations themselves are real, the details and descriptions of these places are often embellished or fictionalized to suit the narrative and aesthetic purposes of the story. This aligns with the scale's definition of real geographical locations with invented details. Therefore, the appropriate score for the settings in ""The Tale of Genji"" is Score=1.",2,2,NA
"The Nibelungenlied","Anonymous",1200,"Germany","The Nibelungenlied by Anonymous written in 1200","The Nibelungenlied is a medieval epic poem that features a mix of historical and legendary figures. The main characters include Siegfried, Kriemhild, and Hagen, among others. While some characters, like the Burgundian kings, have historical counterparts, the narrative is heavily mythologized, and many elements of the characters' stories are fantastical. Siegfried, for instance, is a legendary hero with superhuman abilities, such as invulnerability, which makes his existence improbable in a historical context. Therefore, the main characters in The Nibelungenlied are best categorized as invented characters whose existence is improbable. Score=3","The Nibelungenlied is a medieval epic poem that blends historical elements with mythological and legendary aspects. The poem is loosely based on historical events and figures from the 5th and 6th centuries, such as the Burgundian kingdom and the Huns, but it incorporates significant legendary and mythical elements, such as the dragon-slayer Siegfried and the treasure of the Nibelungs. While some characters and events have historical roots, the narrative is heavily fictionalized and includes supernatural elements, making the occurrence of events as described in the poem improbable. Therefore, the events in The Nibelungenlied are best categorized as invented historical events whose occurrence is improbable. Score=3","The Nibelungenlied is a medieval epic poem that primarily takes place in real geographical locations, such as the Burgundian kingdom at Worms on the Rhine River, and other locations like Hungary. However, while these are real places, the poem includes invented details and legendary elements that are not historically accurate. The settings are based on real locations but are embellished with mythical and legendary aspects, which fits the criteria for real geographical locations with invented details. Therefore, the appropriate score for the settings in The Nibelungenlied is: Score=1",3,3,1
"The Divine Comedy","Dante Alighieri",1320,"Italy","The Divine Comedy by Dante Alighieri written in 1320","The main characters in ""The Divine Comedy"" by Dante Alighieri include Dante himself, who is a real historical figure, and Virgil, a real Roman poet. However, the narrative places these characters in a fictional journey through the realms of the afterlife, which involves invented biographical details and interactions that did not occur in reality. Therefore, the main characters are real but are presented with invented biographical details. Score=1","The Divine Comedy by Dante Alighieri is a narrative poem that describes the journey of the protagonist, Dante, through the realms of the afterlife: Hell (Inferno), Purgatory (Purgatorio), and Heaven (Paradiso). The events depicted in the poem are not based on actual historical events but rather on a fictional and allegorical journey through these spiritual realms. The structure and content of the afterlife as described by Dante are imaginative and symbolic, reflecting theological and philosophical ideas of the time rather than any historical reality. Therefore, the events in The Divine Comedy are invented historical events that could not have occurred, as they involve a journey through a metaphysical and allegorical landscape that is not part of the physical world. Score=4","The Divine Comedy by Dante Alighieri is a literary work that describes an allegorical journey through the realms of the afterlife: Hell (Inferno), Purgatory (Purgatorio), and Heaven (Paradiso). These settings are not real geographical locations but are instead imaginative constructs that serve as metaphors for spiritual and moral states. The detailed descriptions of these realms, such as the circles of Hell and the terraces of Purgatory, are highly imaginative and symbolic, reflecting Dante's theological and philosophical views. Given that these locations are entirely invented and serve a symbolic purpose, their existence is improbable in a literal sense. Therefore, the settings in The Divine Comedy fall under the category of ""Invented locations whose existence is improbable."" Score=3",1,4,3
"Le Morte d’Arthur","Sir Thomas Malory",1485,"England","Le Morte d’Arthur by Sir Thomas Malory written in 1485","""Le Morte d’Arthur"" by Sir Thomas Malory is a compilation of Arthurian legends, which are a blend of folklore, literary invention, and historical speculation. The main characters, such as King Arthur, Merlin, Lancelot, and Guinevere, are largely invented characters whose existence is improbable. While there may be some historical basis for a figure like Arthur, the characters as depicted in Malory's work are deeply embedded in myth and legend, with magical elements and fantastical adventures that make their actual historical existence unlikely. Therefore, the main characters fall into the category of invented characters whose existence is improbable. Score=3","""Le Morte d’Arthur"" by Sir Thomas Malory is a compilation of Arthurian legends, which are a blend of folklore, literary invention, and some historical elements. The work is based on the legendary figure of King Arthur, who is believed to have been a real leader in post-Roman Britain, though his historical existence is debated and not definitively proven. The events in ""Le Morte d’Arthur"" include the formation of the Knights of the Round Table, the quest for the Holy Grail, and the eventual downfall of Arthur's kingdom. These events are largely considered to be fictional, as they involve mythical elements and characters such as Merlin, magical swords, and fantastical quests. While they are inspired by medieval chivalric ideals and some historical contexts, the specific events described in the work are not grounded in verifiable history and are considered to be legendary or mythical in nature. Therefore, the events in ""Le Morte d’Arthur"" are best categorized as invented historical events whose occurrence is improbable. Score=3","""Le Morte d’Arthur"" by Sir Thomas Malory is a compilation of Arthurian legends, which are set in a mix of real and fictional locations. The work includes references to real geographical locations such as England and France, but it also features invented places like Camelot and Avalon. These invented locations are central to the Arthurian legends and are depicted as plausible within the context of the medieval world, yet they lack historical evidence of existence. Therefore, they fall into the category of invented locations that could have existed, as they are crafted to fit within the medieval setting and are not inherently impossible. Score=2",3,3,2
"Don Quixote","Miguel de Cervantes",1605,"Spain","Don Quixote by Miguel de Cervantes written in 1605","""Don Quixote"" by Miguel de Cervantes features main characters who are largely invented but could have existed within the context of the time period. The protagonist, Don Quixote, is a fictional character, but he is portrayed as a nobleman who becomes a self-styled knight-errant, a concept that was conceivable in the context of 16th and 17th-century Spain. Similarly, Sancho Panza, his squire, is a fictional character but represents a type of person who could have existed. Therefore, the characters are invented but plausible within their historical and cultural setting. Score=2","""Don Quixote"" by Miguel de Cervantes is a novel that features the adventures of a man who believes himself to be a knight-errant. The events in the story, such as Don Quixote's battles with windmills he imagines to be giants, are fictional and satirical in nature. While the setting and some cultural elements reflect the historical context of 16th and 17th century Spain, the specific events and adventures of Don Quixote are invented and fantastical. The narrative is a parody of chivalric romances, and the occurrences, such as mistaking inns for castles and sheep for armies, are improbable and exaggerated for comedic effect. Therefore, the events in ""Don Quixote"" are best categorized as invented historical events whose occurrence is improbable. Score=3","""Don Quixote"" by Miguel de Cervantes is set in real geographical locations within Spain, such as La Mancha, which is a real region. However, the novel includes some invented details and fictionalized elements within these real settings, such as the inns that Don Quixote mistakes for castles and the windmills he believes to be giants. These details add a layer of fiction to the real geographical backdrop. Therefore, the setting can be classified as real geographical locations with invented details. Score=1",2,3,1
"The Adventures of Tom Sawyer","Mark Twain",1876,"United States","The Adventures of Tom Sawyer by Mark Twain written in 1876","""The Adventures of Tom Sawyer"" by Mark Twain features characters that are primarily invented but are crafted in such a way that they could have existed in the time and setting of the story. The characters, such as Tom Sawyer, Huckleberry Finn, and Becky Thatcher, are fictional but are based on the types of people who might have lived in a small town along the Mississippi River in the mid-19th century. They are believable and relatable, reflecting the social and cultural environment of that era. Therefore, the main characters fall into the category of invented characters who could have existed. Score=2","""The Adventures of Tom Sawyer"" by Mark Twain is a novel that primarily features fictional events and characters, although it is set in a realistic 19th-century American town based on Twain's own experiences in Hannibal, Missouri. The events in the book, such as Tom and Huck witnessing a murder in a graveyard and their subsequent adventures, are invented and serve as a vehicle for Twain's exploration of childhood and society. While the setting and some cultural aspects reflect actual historical contexts, the specific events are fictional and crafted for narrative purposes. Therefore, the events in the novel are invented historical events that could have occurred, given the realistic setting and time period. 

Score=2","""The Adventures of Tom Sawyer"" by Mark Twain is set in the fictional town of St. Petersburg, Missouri. This town is based on the real town of Hannibal, Missouri, where Twain grew up. While St. Petersburg itself is an invented location, it is heavily inspired by and closely resembles a real geographical location, with details that are plausible and reflective of the time period. Therefore, it fits the category of real geographical locations with invented details. Score=1",2,2,1
"Les Misérables","Victor Hugo",1862,"France","Les Misérables by Victor Hugo written in 1862","In ""Les Misérables"" by Victor Hugo, the main characters are primarily invented, but they are crafted with a high degree of realism and historical context. Characters like Jean Valjean, Javert, and Fantine are fictional, yet they are depicted in a way that makes them plausible within the socio-political landscape of 19th-century France. They are not based on real individuals, but their experiences and personalities are believable and could have existed in that era. Therefore, the characters fall into the category of ""Invented characters who could have existed."" Score=2","In ""Les Misérables"" by Victor Hugo, the events depicted are a mix of actual historical events and fictional narratives. The novel is set against the backdrop of early 19th-century France, including the June Rebellion of 1832, which is a real historical event. However, the specific characters and their personal stories, such as Jean Valjean's journey, are fictional. The novel weaves these invented personal narratives into the fabric of real historical events, adding invented details to enhance the story. Therefore, the events in ""Les Misérables"" can be classified as actual historical events with invented details. Score=1","Les Misérables by Victor Hugo is set in real geographical locations, primarily in France, including Paris and other identifiable places such as Montreuil-sur-Mer and Digne. These are actual locations that existed at the time the novel was written, and Hugo uses them to ground his narrative in a realistic setting. While he may add fictional details to these places for the sake of the story, the settings themselves are based on real locations. Therefore, the work fits the category of real geographical locations with invented details. Score=1",2,1,1
"One Hundred Years of Solitude","Gabriel García Márquez",1967,"Colombia","One Hundred Years of Solitude by Gabriel García Márquez written in 1967","In ""One Hundred Years of Solitude"" by Gabriel García Márquez, the main characters are members of the Buendía family, who live in the fictional town of Macondo. These characters are entirely invented by the author, and while they are crafted with rich, complex personalities and histories that make them feel real, their existence is improbable due to the magical realism elements present in the story. The characters experience fantastical events that defy the laws of reality, such as living for over a century, ascending to heaven, and being born with a pig's tail. These elements make their existence improbable in the real world. Therefore, the main characters fall into the category of ""Invented characters whose existence is improbable."" Score=3","""One Hundred Years of Solitude"" by Gabriel García Márquez is a seminal work of magical realism that blends the fantastical with the mundane. The novel chronicles the multi-generational story of the Buendía family in the fictional town of Macondo. While the narrative is rich with allegorical references to Latin American history and culture, the events themselves are largely fantastical and symbolic rather than historical. The story includes elements such as characters living for over a century, ghosts interacting with the living, and other supernatural occurrences that defy the laws of reality. These events are not meant to be taken as historical or plausible within the real world, but rather as a means to explore deeper truths about human nature and society. Therefore, the events in the novel are best categorized as invented historical events that could not have occurred. Score=4","In ""One Hundred Years of Solitude"" by Gabriel García Márquez, the setting is the fictional town of Macondo. Macondo is an invented location, but it is crafted with such detail and realism that it could plausibly exist in the context of Latin American geography and culture. The town is depicted with a rich history and environment that mirrors real-world locations, making its existence seem possible within the magical realism genre. Therefore, the setting falls under the category of ""Invented locations that could have existed."" Score=2",3,4,2
"Voyage dans la lune","Cyrano de Bergerac",NA,"","Voyage dans la lune by Cyrano de Bergerac written in NA","""Voyage dans la lune"" by Cyrano de Bergerac is a work of early science fiction that features a journey to the moon. The main characters in this narrative are largely invented and include fantastical elements, such as lunar inhabitants and otherworldly societies. These characters are not based on real individuals and their existence is highly improbable given the fantastical and speculative nature of the story. Therefore, the main characters fall into the category of ""Invented characters whose existence is improbable."" Score=3","""Voyage dans la lune"" by Cyrano de Bergerac is a work of early science fiction that describes a fictional journey to the moon. The events in the story involve fantastical elements such as traveling to the moon using rockets and other imaginative methods, as well as encounters with lunar inhabitants. These events are purely imaginative and could not have occurred given the scientific understanding of the time and the nature of space travel. Therefore, the events described in the work fall under the category of invented historical events that could not have occurred. Score=4","""Voyage dans la lune"" by Cyrano de Bergerac is a work of early science fiction that describes a journey to the moon. The setting of the moon in this work is an invented location with fantastical elements, such as inhabitants and societies that are not based on any scientific understanding of the moon. During the time it was written, the moon was a mysterious and largely unknown place, allowing for imaginative and improbable depictions. Given the fantastical and imaginative nature of the moon as described in the work, it fits the category of invented locations whose existence is improbable. Score=3",3,4,3
"The Lusiads","Luís de Camões",1572,"Portugal","The Lusiads by Luís de Camões written in 1572","""The Lusiads"" by Luís de Camões is an epic poem that primarily focuses on the real historical figure Vasco da Gama and his voyage to India. The main characters in the poem include Vasco da Gama and other historical figures from the Age of Discovery, as well as mythological figures and deities from classical mythology. While the historical figures are real, the poem embellishes their stories with invented biographical details and interactions with mythological beings. Therefore, the main characters can be considered real characters with invented biographical details. Score=1","""The Lusiads"" by Luís de Camões is an epic poem that primarily recounts the Portuguese voyages of discovery during the Age of Exploration, focusing on Vasco da Gama's pioneering sea route to India. The poem blends historical events with mythological and fantastical elements. 

When evaluating the events in ""The Lusiads"" based on the specified referent, we focus on the historical aspect of Vasco da Gama's journey. The poem is rooted in actual historical events, as it describes the real voyage of Vasco da Gama, who successfully reached India by sea in 1498. However, Camões embellishes these events with invented details, such as divine interventions and mythical creatures, to enhance the narrative.

Given this blend of historical fact with creative embellishment, the events in ""The Lusiads"" can be classified as actual historical events with invented details. 

Score=1","""The Lusiads"" by Luís de Camões is an epic poem that primarily recounts the voyages of Portuguese explorer Vasco da Gama and his discovery of the sea route to India. The settings in the poem are largely based on real geographical locations, such as Lisbon, the Cape of Good Hope, and Calicut. However, the poem also includes mythological and fantastical elements, such as encounters with gods and mythical creatures, which add invented details to these real locations. Despite these embellishments, the core geographical settings are based on real places that existed during the time of Vasco da Gama's voyages. Therefore, the work fits the category of real geographical locations with invented details. Score=1",1,1,1
"Gargantua","Rabelais",1534,"France","Gargantua by Rabelais written in 1534","""Gargantua"" by François Rabelais is a satirical and comedic work that features the character Gargantua, a giant with an insatiable appetite and extraordinary abilities. The character of Gargantua is a fictional creation, embodying exaggerated traits and fantastical elements that are not grounded in reality. The existence of such a giant with the described characteristics is highly improbable, as it defies the natural laws and human biology. Therefore, Gargantua falls into the category of invented characters whose existence is improbable. Score=3","""Gargantua"" by François Rabelais is a satirical and comedic work that features the life and adventures of the giant Gargantua. The events in the book are largely fantastical and exaggerated, serving as a vehicle for Rabelais to critique and parody aspects of society, education, and religion of his time. The events described, such as Gargantua's miraculous birth, his enormous appetite, and his various exploits, are clearly invented and fantastical. These events could not have occurred in reality due to their absurd and supernatural nature. Therefore, the events in ""Gargantua"" fall into the category of invented historical events that could not have occurred. Score=4","""Gargantua"" by François Rabelais is a satirical and comedic work that features a mix of real and fictional elements. The settings in ""Gargantua"" include both real geographical locations and invented ones. For instance, the story references actual places in France, such as Paris, but also includes fantastical locations like the Abbey of Thélème, which is a fictional utopian abbey with whimsical and improbable characteristics. The existence of such a place as the Abbey of Thélème, with its unique and idealistic societal rules, is highly improbable in reality. Therefore, the settings in ""Gargantua"" can be classified as invented locations whose existence is improbable. Score=3",3,4,3
"The Canterbury Tales","Geoffrey Chaucer",1400,"England","The Canterbury Tales by Geoffrey Chaucer written in 1400","The Canterbury Tales by Geoffrey Chaucer features a diverse group of characters who are on a pilgrimage to Canterbury. These characters, such as the Knight, the Miller, the Wife of Bath, and the Pardoner, are fictional but are crafted with such detail and realism that they could have existed in the 14th century. Chaucer's characters are representative of various social classes and professions of the time, making them plausible within the historical context. Therefore, they fall into the category of invented characters who could have existed. Score=2","The Canterbury Tales by Geoffrey Chaucer is a collection of stories told by a group of pilgrims traveling to Canterbury. The framework of the tales involves a pilgrimage, which was a common practice in medieval England, and the setting and social context are based on actual historical events and practices. However, the specific events and characters within the tales are fictional and serve as a narrative device to explore various themes and social commentary. The tales themselves are invented stories, but the concept of a pilgrimage and the social dynamics depicted could have occurred during that time period. Therefore, the work falls under the category of invented historical events that could have occurred. Score=2","""The Canterbury Tales"" by Geoffrey Chaucer is set in real geographical locations. The narrative follows a group of pilgrims traveling from London to the shrine of Saint Thomas Becket in Canterbury, which are both real places in England. The journey described in the tales is based on an actual pilgrimage route that was well-known during Chaucer's time. Therefore, the setting of ""The Canterbury Tales"" falls under the category of real geographical locations. Score=0",2,2,0
"Faust","Johann Wolfgang von Goethe",1808,"Germany","Faust by Johann Wolfgang von Goethe written in 1808","In ""Faust"" by Johann Wolfgang von Goethe, the main character, Faust, is an invented character who could have existed. The character is based on the historical figure Johann Georg Faust, a German alchemist, astrologer, and magician of the Renaissance era. However, Goethe's portrayal of Faust includes significant fictional elements, such as his pact with Mephistopheles, which are not part of the historical record. Therefore, while Faust is inspired by a real person, the character in Goethe's work is largely fictionalized to the extent that he represents an archetype rather than a historical figure. Score=2","In Goethe's ""Faust,"" the central events revolve around the character Faust making a pact with Mephistopheles, a demon, in exchange for unlimited knowledge and worldly pleasures. This narrative is rooted in folklore and legend rather than actual historical events. The story of a scholar making a deal with the devil is a fictional construct that could not have occurred in reality, as it involves supernatural elements that defy the laws of nature and history. Therefore, the events in ""Faust"" are best categorized as invented historical events that could not have occurred. Score=4","In ""Faust"" by Johann Wolfgang von Goethe, the settings primarily involve real geographical locations with some invented details. The story is set in Germany, with references to real places such as Leipzig and the Harz Mountains. However, Goethe incorporates fantastical elements and settings, such as the witch's kitchen and Walpurgis Night on the Brocken, which blend real locations with imaginative details. Therefore, the settings in ""Faust"" can be classified as real geographical locations with invented details. Score=1",2,4,1
"The Rubaiyat of Omar Khayyam","Omar Khayyam",1120,"Persia","The Rubaiyat of Omar Khayyam by Omar Khayyam written in 1120","""The Rubaiyat of Omar Khayyam"" is a collection of quatrains attributed to the Persian polymath Omar Khayyam. The work is primarily philosophical and poetic, focusing on themes such as the nature of life, the passage of time, and the pursuit of happiness. The main ""character"" in this context is essentially the voice or persona of the poet himself, Omar Khayyam, who was a real historical figure. However, the work does not present a narrative with characters in the traditional sense, but rather reflections and musings. Since Omar Khayyam was a real person, the main ""character"" can be considered a real character. Score=0","""The Rubaiyat of Omar Khayyam"" is a collection of quatrains (four-line poems) attributed to the Persian mathematician, astronomer, and poet Omar Khayyam. The work is primarily philosophical and reflective, focusing on themes such as the nature of life, the passage of time, and the pursuit of happiness. It does not aim to recount historical events but rather to explore existential and metaphysical ideas through poetry.

Given that the work is not concerned with historical events, but rather with philosophical musings and reflections, it does not fit neatly into the scale provided. The poems are not intended to depict historical events, whether actual or invented. Therefore, the evaluation of historical events in this context is not applicable.

Score=NA","The Rubaiyat of Omar Khayyam is a collection of quatrains attributed to the Persian mathematician, astronomer, and poet Omar Khayyam. The work is primarily philosophical and poetic, focusing on themes such as the nature of life, the passage of time, and the pursuit of happiness. It does not emphasize specific geographical settings or locations. However, the cultural and historical context suggests real geographical locations, as Khayyam lived in Persia (modern-day Iran) and his work reflects the environment and society of that time. Since the work does not invent new locations but rather reflects the real world of 12th-century Persia, it fits the category of real geographical locations. Score=0",0,NA,0
"War and Peace","Leo Tolstoy",1869,"Russia","War and Peace by Leo Tolstoy written in 1869","""War and Peace"" by Leo Tolstoy is a historical novel that features a mix of real historical figures and fictional characters. The main characters, such as Pierre Bezukhov, Prince Andrei Bolkonsky, and Natasha Rostova, are invented characters who could have existed within the historical context of early 19th-century Russia. They are crafted with realistic traits and experiences that align with the social and historical setting of the time. Therefore, they fall into the category of invented characters who could have existed. Score=2","""War and Peace"" by Leo Tolstoy is a historical novel that intertwines real historical events with fictional narratives. The novel is set during the Napoleonic Wars, particularly focusing on the French invasion of Russia. Many of the events depicted in the book, such as the Battle of Borodino and the burning of Moscow, are actual historical events. However, Tolstoy adds invented details and fictional characters to these events to create a rich narrative. Therefore, the events in ""War and Peace"" can be classified as actual historical events with invented details. Score=1","""War and Peace"" by Leo Tolstoy is set in real geographical locations, primarily in Russia and parts of Europe during the Napoleonic Wars. The novel includes detailed descriptions of cities like Moscow and St. Petersburg, as well as real historical events and battles such as the Battle of Borodino. While Tolstoy may have added fictional elements to the narrative, the settings themselves are based on real places that existed at the time. Therefore, the work fits the category of real geographical locations. Score=0",2,1,0
"The Iliad","Homer",-800,"Greece","The Iliad by Homer written in -800","The Iliad by Homer is an ancient Greek epic poem that features a mix of real and mythological elements. The main characters include figures like Achilles, Hector, and Agamemnon, who are based on legendary heroes and leaders from the Trojan War. While these characters are rooted in Greek mythology and oral tradition, there is no concrete historical evidence to confirm their actual existence. They are invented characters who could have existed in the context of the mythological and legendary framework of ancient Greek culture. Therefore, they fall into the category of invented characters whose existence is improbable. Score=3","The Iliad by Homer is an epic poem that recounts events during the Trojan War, a conflict between the Greeks and Trojans. While the existence of a war resembling the Trojan War is debated among historians, there is no definitive archaeological evidence confirming its occurrence as described in the poem. The events in The Iliad include interactions between gods and humans, which are mythological and not historical. Therefore, the events described are invented historical events whose occurrence is improbable, given the blend of myth and potential historical basis.

Score=3","The Iliad by Homer is set in real geographical locations, primarily focusing on the city of Troy and its surrounding areas, which are believed to correspond to the region of Hisarlik in modern-day Turkey. The narrative also includes other real locations such as Sparta, Mycenae, and various parts of Greece. While the epic includes mythological elements and characters, the geographical settings are based on real places known to the ancient Greeks. Therefore, the settings in The Iliad align with real geographical locations. Score=0",3,3,0
"The Lord of the Rings (series)","J.R.R. Tolkien",1954,"United Kingdom","The Lord of the Rings (series) by J.R.R. Tolkien written in 1954","The main characters in ""The Lord of the Rings"" series by J.R.R. Tolkien include hobbits, elves, dwarves, wizards, and other fantastical beings. These characters are entirely invented and are part of a fictional world with its own mythology and history. The existence of such characters is not possible in the real world, as they are based on fantasy elements and not on any historical or real-life figures. Therefore, the main characters in this series fall into the category of ""Invented characters that could not have existed."" Score=4","The Lord of the Rings series by J.R.R. Tolkien is a high fantasy epic that takes place in the fictional world of Middle-earth. The events described in the series, such as the journey of the Fellowship, the battles against Sauron, and the existence of races like Elves, Dwarves, and Hobbits, are entirely invented and set in a mythical past that does not correspond to any actual historical events on Earth. The narrative includes elements of magic, mythical creatures, and a detailed fictional history that could not have occurred in reality. Therefore, the events in The Lord of the Rings fall under the category of invented historical events that could not have occurred. Score=4","The Lord of the Rings series by J.R.R. Tolkien is set in Middle-earth, a fully invented world with its own geography, history, and cultures. While Tolkien drew inspiration from real-world mythologies and landscapes, Middle-earth itself is a fictional creation with elements like hobbits, elves, and orcs that do not exist in reality. The detailed maps and descriptions make it feel immersive and believable within its own context, but the existence of such a place is improbable in the real world. Therefore, the setting falls under the category of ""Invented locations whose existence is improbable."" Score=3",4,4,3
"Alice's Adventures in Wonderland","Lewis Carroll",1865,"United Kingdom","Alice's Adventures in Wonderland by Lewis Carroll written in 1865","Alice's Adventures in Wonderland by Lewis Carroll features a variety of characters that are highly imaginative and fantastical. The main character, Alice, is a young girl who could have existed, but the other characters she encounters, such as the White Rabbit, the Cheshire Cat, the Mad Hatter, and the Queen of Hearts, are anthropomorphic animals and fantastical beings that could not have existed in reality. These characters are products of Carroll's imagination and are integral to the whimsical and surreal nature of the story. Therefore, the main characters in this work are best categorized as invented characters that could not have existed. Score=4","Alice's Adventures in Wonderland by Lewis Carroll is a classic work of fantasy literature. The events in the story involve a young girl named Alice who falls down a rabbit hole into a fantastical world filled with anthropomorphic creatures, talking animals, and bizarre occurrences. These events are purely imaginative and fantastical, with no basis in actual historical events. The nature of the story, with its whimsical and surreal elements, makes it clear that the events described could not have occurred in reality. Therefore, the events in Alice's Adventures in Wonderland are best categorized as invented historical events that could not have occurred. Score=4","Alice's Adventures in Wonderland by Lewis Carroll is set in a fantastical world that Alice enters through a rabbit hole. The setting includes a variety of whimsical and surreal locations, such as the Mad Hatter's tea party, the Queen of Hearts' garden, and the Cheshire Cat's tree. These locations are highly imaginative and defy the laws of reality as we know them. The existence of such places is not just improbable but impossible within the constraints of the real world. Therefore, the setting of Wonderland falls into the category of invented locations that could not have existed. Score=4",4,4,4
"The Hitchhiker's Guide to the Galaxy","Douglas Adams",1979,"United Kingdom","The Hitchhiker's Guide to the Galaxy by Douglas Adams written in 1979","""The Hitchhiker's Guide to the Galaxy"" by Douglas Adams is a science fiction novel featuring a variety of characters that are largely invented and exist within a fantastical universe. The main characters include Arthur Dent, an ordinary human, and Ford Prefect, an alien researcher for the titular guidebook. Other characters include Zaphod Beeblebrox, a two-headed, three-armed ex-President of the Galaxy, and Marvin, a depressed robot. These characters, particularly the non-human ones, are highly improbable in terms of real-world existence due to their fantastical and humorous nature, which is a hallmark of Adams' work. Therefore, the main characters fall into the category of ""Invented characters whose existence is improbable."" Score=3","""The Hitchhiker's Guide to the Galaxy"" by Douglas Adams is a science fiction novel that features a series of highly imaginative and fantastical events. The story begins with the destruction of Earth to make way for a hyperspace bypass, an event that is clearly invented and could not have occurred given our current understanding of technology and the universe. The narrative includes interstellar travel, encounters with various alien species, and the existence of a guidebook for hitchhiking across the galaxy, all of which are elements of a fictional universe created by Adams. These events are not grounded in historical reality and are crafted for entertainment and satire, making their occurrence impossible in the real world. Therefore, the events in the book fall under the category of ""Invented historical events that could not have occurred."" Score=4","The Hitchhiker's Guide to the Galaxy by Douglas Adams is a science fiction novel that features a variety of settings, many of which are entirely invented and fantastical. The story includes locations such as the planet Magrathea, the spaceship Heart of Gold, and the restaurant at the end of the universe. These settings are imaginative and whimsical, often defying the laws of physics and reality as we understand them. Given the nature of these locations, they are not only invented but also could not have existed in any plausible reality. Therefore, the settings in this work fall into the category of ""Invented locations that could not have existed."" Score=4",3,4,4
"Animal Farm","George Orwell",1945,"United Kingdom","Animal Farm by George Orwell written in 1945","""Animal Farm"" by George Orwell is an allegorical novella that features animals as the main characters. These animals are anthropomorphized to represent figures and events from the Russian Revolution and the early Soviet Union. The characters, such as pigs, horses, and other farm animals, are invented and given human-like qualities and political roles, which makes their existence as depicted in the story improbable. In reality, animals do not possess the ability to organize politically or communicate in the manner described in the book. Therefore, the main characters fall into the category of ""Invented characters whose existence is improbable."" Score=3","""Animal Farm"" by George Orwell is an allegorical novella that uses a farm and its animal inhabitants to represent the events leading up to the Russian Revolution of 1917 and the early years of the Soviet Union. The events in the story are not actual historical events but are instead symbolic representations of real historical events and figures. The story of animals taking over a farm and establishing their own government is an invented historical event that could not have occurred in reality, as animals do not possess the capability to organize and execute such complex social and political structures. Therefore, the events in ""Animal Farm"" fall under the category of invented historical events that could not have occurred. Score=4","""Animal Farm"" by George Orwell is an allegorical novella that takes place on a fictional farm. The setting is a farm in England, which is a real geographical location. However, the farm itself, named ""Manor Farm"" and later ""Animal Farm,"" is not based on a specific real farm but is rather a generic representation of farms in England. The details of the farm are invented to serve the allegorical narrative, but they are plausible and could exist in reality. Therefore, the setting falls under the category of real geographical locations with invented details. Score=1",3,4,1
"The Pilgrim's Progress","John Bunyan",1678,"England","The Pilgrim's Progress by John Bunyan written in 1678","""The Pilgrim's Progress"" by John Bunyan is an allegorical work featuring characters that are symbolic representations of various virtues, vices, and concepts rather than real or historically plausible individuals. The main character, Christian, along with others like Faithful, Hopeful, and Giant Despair, are not intended to be realistic or historical figures but rather personifications of spiritual and moral ideas. These characters are crafted to convey Bunyan's religious and moral messages, and their existence is not grounded in reality. Therefore, they fall into the category of invented characters that could not have existed in a literal sense. Score=4","""The Pilgrim's Progress"" by John Bunyan is an allegorical work that depicts the journey of its protagonist, Christian, from the City of Destruction to the Celestial City. The events described in the book are not intended to represent actual historical events but rather serve as symbolic representations of a Christian's spiritual journey and struggles. The narrative is filled with allegorical characters and places, such as the Slough of Despond and Vanity Fair, which are not historical but rather metaphorical constructs. Therefore, the events in ""The Pilgrim's Progress"" are invented historical events that could not have occurred in reality, as they are purely allegorical and symbolic. Score=4","""The Pilgrim's Progress"" by John Bunyan is an allegorical work that features a journey through a series of invented locations, such as the Slough of Despond, Vanity Fair, and the Celestial City. These locations are symbolic and serve as metaphors for various spiritual and moral challenges. They are not intended to represent real geographical places and are crafted to convey Bunyan's religious and moral messages. The existence of these locations is improbable in a literal sense, as they are purely allegorical and serve a didactic purpose. Therefore, they fall into the category of invented locations whose existence is improbable. Score=3",4,4,3
"La Nouvelle Héloïse","Jean-Jacques Rousseau",1761,"France","La Nouvelle Héloïse by Jean-Jacques Rousseau written in 1761","""La Nouvelle Héloïse"" by Jean-Jacques Rousseau is a novel that features invented characters who are crafted to reflect the social and philosophical ideas of the time. The main characters, such as Julie, Saint-Preux, and Wolmar, are fictional but are designed to be realistic and plausible within the context of 18th-century society. They are not based on real historical figures, but their existence is entirely plausible given the setting and themes of the novel. Therefore, they fall into the category of invented characters who could have existed. Score=2","""La Nouvelle Héloïse"" by Jean-Jacques Rousseau is an epistolary novel that explores themes of love, morality, and society through the fictional correspondence between its characters. The events depicted in the novel are entirely fictional and revolve around the romantic and philosophical struggles of the characters. While the social and cultural context of the 18th century is accurately portrayed, the specific events and characters are invented by Rousseau. These events are plausible within the context of the time period, but they are not based on actual historical events or figures. Therefore, the events in ""La Nouvelle Héloïse"" can be classified as invented historical events that could have occurred. Score=2","""La Nouvelle Héloïse"" by Jean-Jacques Rousseau is set in real geographical locations, primarily in Switzerland, particularly around the Lake Geneva region. Rousseau uses actual places such as Vevey and Clarens, which are real towns, although he may embellish them with romanticized descriptions typical of the epistolary novel style. However, the settings themselves are based on real locations that existed at the time. Therefore, the work fits the category of real geographical locations with some invented details for narrative purposes. Score=1",2,2,1
"The Man in the High Castle","Philip K. Dick",1962,"United States","The Man in the High Castle by Philip K. Dick written in 1962","""The Man in the High Castle"" by Philip K. Dick is a work of alternate history that imagines a world in which the Axis powers won World War II. The main characters in the novel are fictional, but they are crafted to fit into this alternate historical context. They are invented characters who could have existed within the framework of the novel's alternate reality. The characters are not based on real historical figures, but they are plausible within the story's setting. Therefore, they fall into the category of invented characters who could have existed. Score=2","""The Man in the High Castle"" by Philip K. Dick is a work of alternate history that explores a world in which the Axis powers won World War II. The novel presents a scenario where the United States is divided between Nazi Germany and Imperial Japan. This is an example of invented historical events that could have occurred, as it is based on a plausible alternate outcome of a real historical event (World War II). While the actual events did not happen, the premise is rooted in a conceivable divergence from history. Score=2","""The Man in the High Castle"" by Philip K. Dick is set in an alternate history where the Axis powers won World War II, leading to a divided United States occupied by Nazi Germany and Imperial Japan. The geographical locations in the novel, such as the Pacific States of America and the Greater Nazi Reich, are based on real places but are altered to fit the alternate historical context. These settings are real geographical locations with invented details to reflect the speculative scenario of an Axis victory. Therefore, the settings fall under the category of real geographical locations with invented details. Score=1",2,2,1
"The Master and Margarita","Mikhail Bulgakov",1967,"Russia","The Master and Margarita by Mikhail Bulgakov written in 1967","""The Master and Margarita"" by Mikhail Bulgakov features a mix of characters that range from historical figures to fantastical beings. The novel includes real historical figures like Pontius Pilate, but with invented biographical details, as well as entirely fictional characters such as Woland, who is a representation of the Devil, and his entourage, which includes a talking cat named Behemoth. These characters, particularly Woland and his companions, are fantastical and could not have existed in reality. Therefore, the main characters in ""The Master and Margarita"" are best categorized as invented characters that could not have existed. Score=4","""The Master and Margarita"" by Mikhail Bulgakov is a novel that intertwines various narratives, including a retelling of the trial of Jesus by Pontius Pilate. This particular aspect of the novel involves invented historical events that could have occurred, as it is a fictionalized account of a real historical figure and event. While the trial of Jesus is a historical event, Bulgakov's portrayal includes imaginative details and dialogues that are not part of the historical record. Therefore, this aspect of the work falls under the category of invented historical events that could have occurred. Score=2","""The Master and Margarita"" by Mikhail Bulgakov is set in real geographical locations, primarily Moscow, with some invented details. The novel features a vivid depiction of Moscow in the 1930s, which is a real geographical location. However, Bulgakov introduces fantastical elements and fictionalized details, such as the presence of supernatural characters like Woland and his retinue, and the magical events that occur in the city. These elements add an invented layer to the real setting, but the primary geographical location remains real. Therefore, the setting can be classified as real geographical locations with invented details. Score=1",4,2,1
"Slaughterhouse-Five","Kurt Vonnegut",1969,"United States","Slaughterhouse-Five by Kurt Vonnegut written in 1969","In ""Slaughterhouse-Five"" by Kurt Vonnegut, the main character is Billy Pilgrim. Billy is an invented character who could have existed, as he is portrayed as a human being living through real historical events, such as the bombing of Dresden during World War II. While his experiences with time travel and aliens (the Tralfamadorians) are fantastical, the character himself is constructed in a way that he could plausibly exist within the context of the novel's historical setting. Therefore, the main character falls into the category of invented characters who could have existed. Score=2","In ""Slaughterhouse-Five"" by Kurt Vonnegut, the specific aspect of the work to evaluate is the depiction of the bombing of Dresden during World War II. This event is an actual historical event, as the bombing of Dresden by Allied forces occurred in February 1945. Vonnegut, who was a prisoner of war in Dresden during the bombing, incorporates his personal experiences into the narrative. While the novel includes invented details and fictional elements, such as time travel and alien abduction, the core event of the Dresden bombing is based on actual history. Therefore, for the aspect of the bombing of Dresden, the score is based on actual historical events. Score=0","In ""Slaughterhouse-Five"" by Kurt Vonnegut, the settings include both real geographical locations and invented ones. The novel features real places such as Dresden, Germany, during World War II, which is depicted with historical accuracy and some fictionalized details. However, it also includes the invented planet of Tralfamadore, which is a fictional location that could not have existed based on our current understanding of the universe. Given the presence of Tralfamadore, the setting falls into the category of invented locations that could not have existed. Score=4",2,0,4
"Ficciones","Jorge Luis Borges",1944,"Argentina","Ficciones by Jorge Luis Borges written in 1944","""Ficciones"" by Jorge Luis Borges is a collection of short stories that often features characters who are either entirely invented or based on historical figures with significant fictional embellishments. Borges is known for blending reality with fiction, creating characters that exist in a realm of intellectual and philosophical exploration. Many of the characters in ""Ficciones"" are invented and exist in improbable or fantastical scenarios, such as those found in ""Tlön, Uqbar, Orbis Tertius"" or ""The Library of Babel."" These characters often serve as vehicles for Borges' exploration of complex ideas rather than as realistic portrayals of individuals who could have existed in the real world. Therefore, the characters in ""Ficciones"" are best described as invented characters whose existence is improbable or fantastical. Score=3","""Ficciones"" by Jorge Luis Borges is a collection of short stories that often blend reality with fantastical elements, exploring themes of infinity, labyrinths, and the nature of reality itself. The stories frequently involve invented historical events and characters, often presented in a way that blurs the line between fiction and reality. For example, in ""Tlön, Uqbar, Orbis Tertius,"" Borges describes a fictional world with its own history and culture, which is presented as if it could be real. These events are crafted with such detail that they might seem plausible within the context of the story, but they are ultimately fictional and could not have occurred in reality. Therefore, the events in ""Ficciones"" are best categorized as invented historical events that could not have occurred. Score=4","""Ficciones"" by Jorge Luis Borges is a collection of short stories that often feature intricate and imaginative settings. Borges is known for blending reality with fiction, creating locations that challenge the boundaries of existence. Many of the stories in ""Ficciones"" involve invented locations that are highly improbable or even impossible, such as the infinite library in ""The Library of Babel"" or the fictional country of Tlön in ""Tlön, Uqbar, Orbis Tertius."" These settings are crafted to explore philosophical and metaphysical themes, rather than to depict realistic or plausible places. Therefore, the settings in ""Ficciones"" are best described as invented locations that could not have existed. Score=4",3,4,4
"The Sound and the Fury","William Faulkner",1929,"United States","The Sound and the Fury by William Faulkner written in 1929","""The Sound and the Fury"" by William Faulkner is a novel that features the Compson family, who are entirely fictional. The characters are invented by Faulkner, but they are crafted with such depth and complexity that they could plausibly exist in the real world. The novel explores themes of decay and decline in the American South, and the characters are representative of these themes. Given that the characters are invented but could have existed in a similar historical and social context, they fall into the category of ""Invented characters who could have existed."" Score=2","""The Sound and the Fury"" by William Faulkner is a novel that delves into the lives of the Compson family in the American South. The events depicted in the novel are fictional, but they are set against a backdrop that reflects the social and cultural realities of the early 20th century Southern United States. The Compson family's decline and the personal struggles of its members are invented, yet they are plausible within the historical context of the time. Therefore, the events in the novel can be classified as invented historical events that could have occurred, given the societal and familial dynamics of the era. Score=2","""The Sound and the Fury"" by William Faulkner is set in the fictional Yoknapatawpha County, Mississippi. This setting is a hallmark of Faulkner's work, serving as a microcosm for the Southern United States. While Yoknapatawpha County is an invented location, it is crafted with such detail and realism that it could plausibly exist within the context of the American South. Faulkner's intricate depiction of the landscape, culture, and social dynamics mirrors real Southern locales, making the existence of such a place believable. Therefore, the setting falls under the category of invented locations that could have existed. Score=2",2,2,2
"In Cold Blood","Truman Capote",1966,"United States","In Cold Blood by Truman Capote written in 1966","""In Cold Blood"" by Truman Capote is a non-fiction novel that details the real-life murders of the Clutter family in Holcomb, Kansas, in 1959. The main characters in the book, including the Clutter family and the murderers Perry Smith and Richard ""Dick"" Hickock, are based on real people. While Capote may have included some invented biographical details or dramatized certain aspects for narrative effect, the primary characters are real individuals who existed. Therefore, the main characters fall into the category of real characters with some potential invented biographical details. Score=1","""In Cold Blood"" by Truman Capote is a non-fiction novel that details the real-life murder of the Clutter family in Holcomb, Kansas, in 1959. Capote conducted extensive research and interviews to accurately portray the events surrounding the crime and its aftermath. While some dialogue and minor details may have been dramatized or reconstructed for narrative purposes, the core events are based on actual historical occurrences. Therefore, the work primarily represents actual historical events with some invented details for narrative enhancement.

Score=1","""In Cold Blood"" by Truman Capote is a non-fiction novel that details the real-life events surrounding the 1959 murders of the Clutter family in Holcomb, Kansas. The settings in the book are based on actual geographical locations, specifically the small town of Holcomb and other real places in Kansas. Capote's work is known for its meticulous attention to detail and factual accuracy regarding these locations. Therefore, the settings in ""In Cold Blood"" are real geographical locations without invented details. Score=0",1,1,0
"The Stranger","Albert Camus",1942,"France","The Stranger by Albert Camus written in 1942","In ""The Stranger"" by Albert Camus, the main character is Meursault, who is an invented character. Meursault is portrayed as a French Algerian who lives a mundane life and experiences a series of events that lead to a murder trial. His character, while fictional, is crafted in a way that he could plausibly exist in the real world, especially within the context of 1940s French Algeria. His existential reflections and emotional detachment are exaggerated for literary purposes, but they do not render his existence improbable. Therefore, the main character falls into the category of invented characters who could have existed. Score=2","""The Stranger"" by Albert Camus is a novel set in French Algeria and revolves around the life of its protagonist, Meursault. The events depicted in the novel, such as Meursault's daily life, his relationships, and the murder trial, are fictional but are grounded in the socio-political context of the time. The setting and societal conditions reflect the realities of French colonial Algeria in the early 20th century. Therefore, the events are invented but could have plausibly occurred within that historical context. 

Score=2","""The Stranger"" by Albert Camus is set in Algiers, the capital city of Algeria, during the French colonial period. The locations described in the novel, such as the beach, the courtroom, and the streets of Algiers, are real geographical locations. While Camus may have added some fictional details to enhance the narrative, the setting is primarily based on real places that existed at the time. Therefore, the setting falls under the category of real geographical locations with invented details. Score=1",2,2,1
"Sherlock Holmes","Conan Doyle",1887,"United Kingdom","Sherlock Holmes by Conan Doyle written in 1887","Sherlock Holmes, created by Arthur Conan Doyle, features characters who are invented but could have existed. Sherlock Holmes, Dr. John Watson, and other characters in the series are fictional, yet they are crafted with such detail and realism that they resemble plausible individuals from the late 19th century. Holmes, as a detective with keen observational skills and logical reasoning, is a character that could feasibly exist in the real world, even though he is a product of fiction. Therefore, the main characters fall into the category of invented characters who could have existed. Score=2","The Sherlock Holmes stories by Arthur Conan Doyle, beginning with ""A Study in Scarlet"" in 1887, are fictional detective tales set in the late 19th and early 20th centuries. While the stories are set in a realistic historical context and feature real locations in London, the specific events and cases that Sherlock Holmes investigates are entirely fictional. However, they are crafted in such a way that they could plausibly have occurred within the historical setting of Victorian and Edwardian England. Therefore, the events in the Sherlock Holmes stories can be classified as invented historical events that could have occurred. Score=2","The settings in the Sherlock Holmes stories by Arthur Conan Doyle are primarily based on real geographical locations. The stories are set in London and other parts of England, which are real places. However, Doyle often adds invented details to these settings, such as specific streets or buildings that do not exist. This blend of real locations with fictional elements is characteristic of the settings in the Sherlock Holmes series. Therefore, the appropriate score for the settings in this context is 1: Real geographical locations with invented details. Score=1",2,2,1
"The French Lieutenant's Woman","John Fowles",1969,"United Kingdom","The French Lieutenant's Woman by John Fowles written in 1969","In ""The French Lieutenant's Woman"" by John Fowles, the main characters are invented but are crafted with a high degree of realism, making them seem as though they could have existed in the Victorian era. The characters, such as Charles Smithson and Sarah Woodruff, are fictional but are portrayed with detailed psychological depth and historical context, which aligns with the characteristics of people who could have lived during that time. Therefore, they fall into the category of invented characters who could have existed. Score=2","""The French Lieutenant's Woman"" by John Fowles is a novel set in the Victorian era, specifically in the 1860s. The story involves a fictional romance and social commentary, with characters and events that are products of Fowles' imagination. While the setting and some social contexts reflect the historical period accurately, the specific events and characters, such as the romance between Charles Smithson and Sarah Woodruff, are invented. These events are plausible within the historical context but are not based on actual historical occurrences. Therefore, they fall under the category of invented historical events that could have occurred. Score=2","""The French Lieutenant's Woman"" by John Fowles is set in the real geographical location of Lyme Regis, a coastal town in Dorset, England. The novel incorporates real historical and geographical details of the area, such as the Cobb, a well-known harbor wall in Lyme Regis. While the narrative itself is fictional, the setting is based on an actual place with accurate descriptions of its landscape and historical context. Therefore, the setting falls under the category of real geographical locations. Score=0",2,2,0
"Midnight's Children","Salman Rushdie",1981,"India/United Kingdom","Midnight's Children by Salman Rushdie written in 1981","""Midnight's Children"" by Salman Rushdie is a novel that features a blend of historical and fictional elements. The main character, Saleem Sinai, is an invented character who is born at the exact moment of India's independence. While the novel is set against the backdrop of real historical events and includes real historical figures, Saleem and the other ""midnight's children"" possess magical abilities, which makes their existence improbable in reality. Therefore, the main characters in ""Midnight's Children"" are best described as invented characters whose existence is improbable. Score=3","""Midnight's Children"" by Salman Rushdie is a novel that intertwines the personal story of its protagonist, Saleem Sinai, with the historical events of India, particularly around the time of its independence and partition. The novel is known for its magical realism, blending historical events with fantastical elements. 

The specific aspect of the work to evaluate is the historical events depicted in the novel. While the backdrop of the story includes actual historical events such as the partition of India and the Emergency period, Rushdie incorporates magical elements and fictionalized details that deviate from strict historical accuracy. The protagonist and other characters possess supernatural abilities, and the narrative includes fantastical occurrences that are not possible in reality.

Given this blend of real historical events with significant fictional and fantastical embellishments, the events in ""Midnight's Children"" can be categorized as invented historical events whose occurrence is improbable. 

Score=3","""Midnight's Children"" by Salman Rushdie is set primarily in real geographical locations, such as Bombay (now Mumbai), Kashmir, and other parts of India and Pakistan. These are actual places that exist in the real world. However, Rushdie incorporates magical realism and adds invented details to these settings, such as the existence of children with special powers born at the moment of India's independence. While the geographical locations themselves are real, the magical elements and some specific details are invented. Therefore, the setting can be classified as real geographical locations with invented details. Score=1",3,3,1
"The Odyssey","Homer",-800,"Greece","The Odyssey by Homer written in -800","The main characters in ""The Odyssey"" by Homer include figures such as Odysseus, Penelope, and Telemachus, who are invented characters. While they are portrayed with human traits and could theoretically have existed as individuals in a mythologized past, the narrative includes fantastical elements and divine interventions that make their existence improbable in a historical context. Therefore, the characters fall into the category of invented characters whose existence is improbable. Score=3","The Odyssey by Homer is an epic poem that recounts the journey of the Greek hero Odysseus as he returns home from the Trojan War. The events described in the poem include encounters with mythical creatures, gods, and fantastical adventures, such as the Cyclops, Sirens, and the journey to the Underworld. These elements are clearly invented and rooted in Greek mythology, rather than historical fact. While the setting of the Trojan War has some basis in historical events, the specific adventures of Odysseus are highly improbable and belong to the realm of myth and legend. Therefore, the events in The Odyssey are best categorized as invented historical events whose occurrence is improbable. Score=3","The Odyssey by Homer is an epic poem that features a mix of real geographical locations and invented details. The journey of Odysseus includes real places such as Ithaca, Troy, and the Mediterranean Sea, but it also incorporates fantastical elements and locations, such as the island of the Cyclopes and the land of the Lotus-Eaters, which are invented and embellished for narrative purposes. These invented locations are presented in a way that suggests they could have existed within the mythological framework of the story. Therefore, the settings in The Odyssey can be classified as real geographical locations with invented details. Score=1",3,3,1
"Hamlet","William Shakespeare",1600,"England","Hamlet by William Shakespeare written in 1600","In William Shakespeare's ""Hamlet,"" the main characters are primarily invented, though they are set in a historical context that could have existed. The characters, such as Hamlet, Claudius, and Gertrude, are not based on real historical figures, but they are crafted in a way that makes them plausible within the setting of a Danish royal court. The characters' motivations, actions, and relationships are complex and human, which adds to their believability. Therefore, they are invented characters who could have existed in a similar historical context. Score=2","In evaluating the events of ""Hamlet"" by William Shakespeare, we focus on the historical context and the plausibility of the events depicted. ""Hamlet"" is a tragedy set in the Kingdom of Denmark and revolves around Prince Hamlet's quest for revenge against his uncle, King Claudius, who has murdered Hamlet's father. While the play is inspired by earlier legends, such as the story of Amleth from Saxo Grammaticus's ""Gesta Danorum,"" the specific events and characters in ""Hamlet"" are largely fictional and not based on actual historical events. The political intrigue, ghostly apparitions, and dramatic personal vendettas are crafted for dramatic effect and are not tied to real historical occurrences. Therefore, the events in ""Hamlet"" are invented historical events whose occurrence is improbable, given the supernatural elements and the specific narrative constructed by Shakespeare. Score=3","In ""Hamlet"" by William Shakespeare, the setting is primarily Elsinore Castle in Denmark. Elsinore, or Helsingør, is a real geographical location, and the castle is based on Kronborg Castle, which is a real place. While Shakespeare may have added fictional elements to the setting for dramatic purposes, the geographical location itself is real. Therefore, the setting falls under the category of real geographical locations with invented details. Score=1",2,3,1
"Moby-Dick","Herman Melville",1851,"United States","Moby-Dick by Herman Melville written in 1851","In ""Moby-Dick"" by Herman Melville, the main characters include Captain Ahab, Ishmael, and the crew of the Pequod. These characters are invented by Melville, but they are portrayed as 19th-century whalers, a profession that was very real during the time the novel was set. The characters are crafted with realistic traits and behaviors that align with the historical context of the whaling industry. Therefore, they are invented characters who could have existed in the real world of 19th-century whaling. Score=2","""Moby-Dick"" by Herman Melville is a novel that blends actual historical events with fictional elements. The central event of the novel is Captain Ahab's obsessive pursuit of the white whale, Moby Dick. While whaling was indeed a significant industry in the 19th century, and there were real-life accounts of whalers encountering large and dangerous whales, the specific events of Ahab's quest and the character of Moby Dick are fictional. The novel draws inspiration from real whaling incidents, such as the sinking of the Essex by a sperm whale, but the narrative itself is a creation of Melville's imagination. Therefore, the events in ""Moby-Dick"" are invented historical events that could have occurred, given the context of the whaling industry at the time. Score=2","""Moby-Dick"" by Herman Melville is set in real geographical locations, primarily focusing on the whaling ship Pequod's journey across the world's oceans. The novel includes real places such as Nantucket, the Atlantic Ocean, and the Pacific Ocean, which are accurately depicted based on the whaling industry of the 19th century. While there are fictional elements in the story, such as the ship itself and the character of Captain Ahab, the settings are based on real locations with historical accuracy regarding the whaling routes and practices of the time. Therefore, the settings fall under the category of real geographical locations. Score=0",2,2,0
"Pride and Prejudice","Jane Austen",1813,"United Kingdom","Pride and Prejudice by Jane Austen written in 1813","""Pride and Prejudice"" by Jane Austen features characters that are invented but could have existed in the context of early 19th-century England. The characters, such as Elizabeth Bennet and Mr. Darcy, are fictional but are crafted with realistic traits, social dynamics, and historical context that make their existence plausible within the setting of the novel. Therefore, they fall into the category of invented characters who could have existed. Score=2","""Pride and Prejudice"" by Jane Austen is a novel set in the early 19th century, focusing on the lives and relationships of the British landed gentry. The events depicted in the novel, such as social gatherings, courtship, and marriage among the upper classes, are reflective of actual historical practices and societal norms of that time. While the specific characters and plot are fictional, the social customs and events could have realistically occurred in that historical context. Therefore, the events in ""Pride and Prejudice"" can be classified as invented historical events that could have occurred. 

Score=2","""Pride and Prejudice"" by Jane Austen is set in real geographical locations with some invented details. The novel takes place in early 19th-century England, featuring real counties such as Hertfordshire, Derbyshire, and Kent. However, specific estates like Longbourn, Netherfield Park, and Pemberley are fictional creations by Austen. These invented details are plausible and fit seamlessly into the real geographical context of the time. Therefore, the setting aligns with real locations but includes invented details. Score=1",2,2,1
"The Catcher in the Rye","J.D. Salinger",1951,"United States","The Catcher in the Rye by J.D. Salinger written in 1951","In ""The Catcher in the Rye"" by J.D. Salinger, the main character is Holden Caulfield. Holden is an invented character who could have existed in the real world. He is a teenage boy dealing with typical adolescent issues and experiences, such as alienation, identity, and the transition from childhood to adulthood. His character is realistic and relatable, reflecting the struggles and thoughts of many young people during the time the novel was written and even today. Therefore, Holden Caulfield fits the category of invented characters who could have existed. Score=2","""The Catcher in the Rye"" by J.D. Salinger is a novel that follows the protagonist, Holden Caulfield, as he recounts his experiences in New York City after being expelled from a prep school. The events in the novel are fictional but are set in a realistic context that reflects the social and cultural environment of the United States in the late 1940s and early 1950s. The story does not include any fantastical or impossible events; rather, it portrays a series of personal experiences and interactions that could plausibly occur in real life. Therefore, the events can be classified as invented historical events that could have occurred. 

Score=2","""The Catcher in the Rye"" by J.D. Salinger is set in real geographical locations, primarily in New York City and Pennsylvania. The novel features actual places such as Central Park, the Museum of Natural History, and various locations in Manhattan, which are depicted with realistic details. While some specific details or establishments might be fictionalized for narrative purposes, the settings themselves are based on real, existing locations. Therefore, the work falls under the category of real geographical locations with invented details. Score=1",2,2,1
"The Road","Cormac McCarthy",2006,"United States","The Road by Cormac McCarthy written in 2006","In ""The Road"" by Cormac McCarthy, the main characters are a father and his young son journeying through a post-apocalyptic landscape. These characters are invented, but they are portrayed with a depth and realism that makes their existence plausible within the context of the novel's setting. They are not based on real individuals, but their experiences and emotions are grounded in human reality, making them characters who could have existed in such a scenario. Therefore, they fall into the category of invented characters who could have existed. Score=2","""The Road"" by Cormac McCarthy is a post-apocalyptic novel that depicts a father and son's journey through a desolate, ash-covered landscape following an unspecified cataclysmic event. The events in the novel are invented and describe a world that has been devastated by an unspecified disaster, leading to the collapse of civilization. While the specific events and details of the world are fictional, the scenario of a post-apocalyptic world is a speculative one that, while not currently occurring, is within the realm of possibility given various potential global catastrophes (e.g., nuclear war, environmental collapse). Therefore, the events could be considered as invented historical events that could have occurred under certain hypothetical circumstances. 

Score=2","""The Road"" by Cormac McCarthy is set in a post-apocalyptic world that is largely based on real geographical locations, specifically in the United States. The novel describes a journey through a landscape that has been devastated by an unspecified cataclysmic event. While the exact details of the locations are not specified, the setting is grounded in a recognizable reality, with references to real places and infrastructure, albeit in a ruined state. This aligns with real geographical locations with invented details, as the setting is a plausible extension of existing places altered by fictional events. Score=1",2,2,1
"The Hunger Games","Suzanne Collins",2008,"United States","The Hunger Games by Suzanne Collins written in 2008","In ""The Hunger Games"" by Suzanne Collins, the main characters are primarily invented and exist within a dystopian future society. While the characters, such as Katniss Everdeen and Peeta Mellark, are crafted with realistic human traits and emotions, their existence is tied to a fictional world with a totalitarian regime and a televised death match. This setting and the specific circumstances of their lives make their existence improbable in the real world. Therefore, the characters fall into the category of invented characters whose existence is improbable. Score=3","In ""The Hunger Games"" by Suzanne Collins, the specific aspect to evaluate is the central event of the story: the annual Hunger Games themselves. These are a televised event where children, known as ""tributes,"" are selected to fight to the death in a controlled arena as a form of entertainment and political control by the dystopian government of Panem.

While the concept of a society using violent spectacles for control and entertainment has historical precedents (e.g., Roman gladiatorial games), the specific event of the Hunger Games, as described in the book, involves a highly advanced technological setup and a dystopian society that is not based on any actual historical event. The idea of a futuristic society using such a method for control is a fictional construct that could theoretically occur in a speculative future but has not occurred in history.

Therefore, the event is best categorized as invented historical events whose occurrence is improbable, given the current state of human society and technology. 

Score=3","The setting of ""The Hunger Games"" by Suzanne Collins is primarily in the nation of Panem, which is an invented location. Panem is described as being located in what was once North America, but it is a fictional country with a dystopian society divided into districts and a central Capitol. While the concept of a future society arising from the ruins of a real continent is plausible, the specific configuration and socio-political structure of Panem, as described in the book, are highly imaginative and improbable in terms of real-world geography and history. Therefore, the setting falls under the category of invented locations whose existence is improbable. Score=3",3,3,3
